t,id,w,l,q,tr,n,a,s
2026-10-02T20:39Z,1a,278,3776,26,56,82,2026-10-02T20:34:58Z,
2026-10-02T20:39Z,2a,249,385,24,13,37,2026-10-02T20:36:45Z,
2026-10-02T20:39Z,2b,350,426,49,29,78,2026-10-02T20:34:45Z,
2026-10-02T20:39Z,2c,125,150,8,6,14,2026-10-02T20:38:17Z,
2026-10-02T20:39Z,2d,177,239,21,23,44,2026-10-02T20:38:15Z,
2026-10-02T20:39Z,2e,83,100,2,3,5,2026-10-02T20:38:06Z,
2026-10-02T20:39Z,3a,221,241,26,24,50,2026-10-02T20:34:09Z,
2026-10-02T20:39Z,4a,260,184,11,8,19,2026-10-02T20:32:47Z,
2026-10-02T20:39Z,5a,250,154,16,11,27,2026-10-02T20:36:54Z,
2026-10-02T20:39Z,6a,268,300,23,20,43,2026-10-02T20:37:06Z,
2026-10-02T20:39Z,7a,237,164,11,11,22,2026-10-02T20:33:39Z,
2026-10-02T20:39Z,8a,298,1347,10,3,13,2026-10-02T20:38:18Z,
2026-10-02T20:39Z,9a,121,,,,,2026-10-02T20:30:17Z,
2026-10-02T20:39Z,9b,95,,,,,2026-10-02T20:30:17Z,
2026-10-02T20:39Z,9c,61,,,,,2026-10-02T20:30:17Z,
2026-10-02T20:39Z,9d,140,,,,,2026-10-02T20:30:17Z,
2026-10-02T20:39Z,9e,77,,,,,2026-10-02T20:30:17Z,
2026-10-02T20:39Z,9f,71,,,,,2026-10-02T20:15:00Z,
2026-10-02T20:39Z,9g,92,,,,,2026-10-02T20:15:00Z,
2026-10-02T20:39Z,10a,126,,48,,149,2026-10-02T20:39:03Z,
2026-10-02T20:39Z,10b,192,,65,,157,2026-10-02T20:39:03Z,
2026-10-02T20:39Z,10c,102,,23,,38,2026-10-02T20:39:03Z,
2026-10-02T20:39Z,11a,291,720,35,26,61,2026-10-02T20:30:00Z,
2026-10-02T20:39Z,11b,47,84,12,25,37,2026-10-02T20:30:00Z,
2026-10-02T20:39Z,11c,84,237,12,17,29,2026-10-02T20:30:00Z,
2026-10-02T20:39Z,11d,21,31,4,33,37,2026-10-02T20:33:54Z,
2026-10-02T20:39Z,11e,77,106,5,6,11,2026-10-02T20:33:54Z,
2026-10-02T20:39Z,11f,124,293,14,21,35,2026-10-02T20:33:54Z,
2026-10-02T20:39Z,11g,244,439,19,2,21,2026-10-02T20:33:54Z,
2026-10-02T20:39Z,12a,163,,24,,73,2026-10-02T20:31:00Z,
2026-10-02T20:39Z,12b,200,,29,,69,2026-10-02T20:31:00Z,
2026-10-02T20:39Z,12c,203,,17,,30,2026-10-02T20:31:00Z,
2026-10-02T20:39Z,13a,360,,,,,2026-10-02T20:30:00Z,
2026-10-02T20:39Z,13b,300,,,,,2026-10-02T20:30:00Z,
2026-10-02T20:39Z,14a,30,,,,,2026-10-02T20:30:00Z,
2026-10-02T20:39Z,15a,518,,39,,115,2026-10-02T20:30:00Z,
2026-10-02T20:39Z,16a,240,270,10,31,41,2026-10-02T20:30:00Z,
2026-10-02T20:39Z,17a,212,,37,51,88,2026-10-02T20:35:14Z,
2026-10-02T20:39Z,18a,,47,,,,2026-10-02T20:30:07Z,
2026-10-02T20:39Z,19a,130,247,,,,2026-10-02T20:39:46Z,
2026-10-02T20:39Z,20a,122,252,,,,2026-10-02T20:31:10Z,
2026-10-02T20:39Z,21a,130,,55,100,155,2026-10-02T20:34:00Z,
2026-10-02T20:39Z,21b,80,,38,58,96,2026-10-02T20:33:00Z,
2026-10-02T20:39Z,21c,100,,21,43,64,2026-10-02T20:30:00Z,
2026-10-02T20:39Z,22a,301,,30,,,2026-10-02T20:34:45Z,
2026-10-02T20:39Z,22b,117,,29,,,2026-10-02T20:34:45Z,
2026-10-02T20:39Z,23a,60,,,,94,2026-10-02T20:30:00Z,
2026-10-02T20:39Z,23b,143,,,,52,2026-10-02T20:30:00Z,
2026-10-02T20:39Z,23c,155,,,,27,2026-10-02T20:30:00Z,
2026-10-02T20:39Z,23d,181,,,,19,2026-10-02T20:30:00Z,
2026-10-02T20:39Z,25a,304,,38,,,2026-10-02T20:36:00Z,
2026-10-02T20:39Z,19a,130,247,,,,2026-10-02T20:39:47Z,
2026-10-02T20:40Z,19a,130,247,,,,2026-10-02T20:39:54Z,
2026-10-05T19:45Z,1a,470,5162,61,61,122,2026-10-05T19:39:57Z,
2026-10-05T19:45Z,2a,270,374,29,14,43,2026-10-05T19:41:43Z,
2026-10-05T19:45Z,2b,399,406,58,26,84,2026-10-05T19:39:52Z,
2026-10-05T19:45Z,2c,30,0,0,0,0,2026-10-05T19:37:35Z,
2026-10-05T19:45Z,2d,200,243,23,30,53,2026-10-05T19:37:35Z,
2026-10-05T19:45Z,2e,122,151,5,5,10,2026-10-05T19:37:28Z,
2026-10-05T19:45Z,3a,251,223,34,17,51,2026-10-05T19:39:09Z,
2026-10-05T19:45Z,4a,390,279,21,14,35,2026-10-05T19:42:29Z,
2026-10-05T19:45Z,5a,169,132,6,17,23,2026-10-05T19:41:53Z,
2026-10-05T19:45Z,6a,223,195,16,31,47,2026-10-05T19:42:03Z,
2026-10-05T19:45Z,7a,230,102,9,9,18,2026-10-05T19:38:39Z,
2026-10-05T19:45Z,8a,284,1336,10,11,21,2026-10-05T19:42:39Z,
2026-10-05T19:45Z,9a,107,,,,,2026-10-05T19:30:16Z,
2026-10-05T19:45Z,9b,151,,,,,2026-10-05T19:30:16Z,
2026-10-05T19:45Z,9c,89,,,,,2026-10-05T19:30:16Z,
2026-10-05T19:45Z,9d,94,,,,,2026-10-05T19:30:16Z,
2026-10-05T19:45Z,9e,70,,,,,2026-10-05T19:30:16Z,
2026-10-05T19:45Z,9f,76,,,,,2026-10-05T19:15:00Z,
2026-10-05T19:45Z,9g,134,,,,,2026-10-05T19:15:00Z,
2026-10-05T19:45Z,11a,135,341,29,30,59,2026-10-05T19:30:00Z,
2026-10-05T19:45Z,11b,102,249,27,31,58,2026-10-05T19:30:00Z,
2026-10-05T19:45Z,11c,72,153,6,15,21,2026-10-05T19:30:00Z,
2026-10-05T19:45Z,11d,76,184,25,34,59,2026-10-05T19:33:54Z,
2026-10-05T19:45Z,11e,43,57,5,5,10,2026-10-05T19:33:54Z,
2026-10-05T19:45Z,11f,30,77,3,24,27,2026-10-05T19:33:54Z,
2026-10-05T19:45Z,11g,72,72,1,5,6,2026-10-05T19:33:54Z,
2026-10-05T19:45Z,12a,99,,15,,73,2026-10-05T19:31:00Z,
2026-10-05T19:45Z,12b,130,,29,,77,2026-10-05T19:31:00Z,
2026-10-05T19:45Z,12c,228,,29,,48,2026-10-05T19:31:00Z,
2026-10-05T19:45Z,13a,375,,,,,2026-10-05T19:30:00Z,
2026-10-05T19:45Z,13b,510,,,,,2026-10-05T19:30:00Z,
2026-10-05T19:45Z,14a,75,,,,,2026-10-05T19:30:00Z,
2026-10-05T19:45Z,15a,409,,31,,103,2026-10-05T19:30:00Z,
2026-10-05T19:45Z,16a,465,351,40,14,54,2026-10-05T19:30:00Z,
2026-10-05T19:45Z,17a,220,,53,52,105,2026-10-05T19:40:11Z,
2026-10-05T19:45Z,18a,,319,,,,2026-10-05T19:00:06Z,
2026-10-05T19:45Z,19a,119,226,,,,2026-10-05T19:44:14Z,
2026-10-05T19:45Z,20a,108,227,,,,2026-10-05T19:31:10Z,
2026-10-05T19:45Z,21a,,,35,72,107,2026-10-05T19:05:00Z,
2026-10-05T19:45Z,21b,,,12,51,63,2026-10-05T19:36:00Z,
2026-10-05T19:45Z,21c,,,,25,25,2026-10-05T19:05:00Z,
2026-10-05T19:45Z,22a,206,,39,,,2026-10-05T19:09:34Z,
2026-10-05T19:45Z,22b,237,,23,,,2026-10-05T19:09:34Z,
2026-10-05T19:45Z,23a,60,,,,129,2026-10-05T19:30:00Z,
2026-10-05T19:45Z,23b,111,,,,61,2026-10-05T19:30:00Z,
2026-10-05T19:45Z,23c,104,,,,39,2026-10-05T19:30:00Z,
2026-10-05T19:45Z,23d,85,,,,13,2026-10-05T19:30:00Z,
2026-10-05T19:45Z,25a,143,,14,,,2026-10-05T19:11:00Z,
2026-10-05T19:45Z,30a,246,,,,,,
2026-10-05T19:45Z,30aa,68,,,,,,
2026-10-05T19:45Z,30ab,349,,,,,,
2026-10-05T19:45Z,30ac,98,,,,,,
2026-10-05T19:45Z,30ad,244,,,,,,
2026-10-05T19:45Z,30b,358,,,,,,
2026-10-05T19:45Z,30c,277,,,,,,
2026-10-05T19:45Z,30d,234,,,,,,
2026-10-05T19:45Z,30e,102,,,,,,
2026-10-05T19:45Z,30f,246,,,,,,
2026-10-05T19:45Z,30g,179,,,,,,
2026-10-05T19:45Z,30h,150,,,,,,
2026-10-05T19:45Z,30i,146,,,,,,
2026-10-05T19:45Z,30j,105,,,,,,
2026-10-05T19:45Z,30k,146,,,,,,
2026-10-05T19:45Z,30l,190,,,,,,
2026-10-05T19:45Z,30m,565,,,,,,
2026-10-05T19:45Z,30n,358,,,,,,
2026-10-05T19:45Z,30o,203,,,,,,
2026-10-05T19:45Z,30p,624,,,,,,
2026-10-05T19:45Z,30q,302,,,,,,
2026-10-05T19:45Z,30r,258,,,,,,
2026-10-05T19:45Z,30s,394,,,,,,
2026-10-05T19:45Z,30t,388,,,,,,
2026-10-05T19:45Z,30u,384,,,,,,
2026-10-05T19:45Z,30v,293,,,,,,
2026-10-05T19:45Z,30w,160,,,,,,
2026-10-05T19:45Z,30x,189,,,,,,
2026-10-05T19:45Z,30y,,,,,,,down
2026-10-05T19:45Z,30z,,,,,,,down
2026-10-05T19:45Z,31a,330,,,,,2026-10-05T19:42:58Z,
2026-10-05T19:45Z,31b,225,,,,,2026-10-05T19:42:58Z,
2026-10-05T19:45Z,31c,360,,,,,2026-10-05T19:42:58Z,
2026-10-05T19:45Z,31d,210,,,,,2026-10-05T19:42:58Z,
2026-10-05T19:45Z,31e,195,,,,,2026-10-05T19:42:58Z,
2026-10-05T19:45Z,31f,165,,,,,2026-10-05T19:42:58Z,
2026-10-05T19:45Z,31g,165,,,,,2026-10-05T19:42:58Z,
2026-10-05T19:45Z,31h,105,,,,,2026-10-05T19:42:58Z,
2026-10-05T19:45Z,31i,150,,,,,2026-10-05T19:42:58Z,
2026-10-05T19:45Z,31j,30,,,,,2026-10-05T19:42:58Z,
2026-10-05T19:45Z,31k,60,,,,,2026-10-05T19:42:58Z,
2026-10-05T19:45Z,31l,285,,,,,2026-10-05T19:42:58Z,
2026-10-05T19:45Z,31m,195,,,,,2026-10-05T19:42:58Z,
2026-10-05T19:45Z,31n,105,,,,,2026-10-05T19:42:58Z,
2026-10-05T19:45Z,31o,255,,,,,2026-10-05T19:42:58Z,
2026-10-05T19:45Z,31p,285,,,,,2026-10-05T19:42:58Z,
2026-10-05T19:45Z,31q,330,,,,,2026-10-05T19:42:58Z,
2026-10-05T19:45Z,31r,210,,,,,2026-10-05T19:42:58Z,
2026-10-05T19:45Z,31s,210,,,,,2026-10-05T19:42:58Z,
2026-10-05T19:45Z,32a,,,,,,,open
2026-10-05T19:45Z,32b,180,,,,,,
2026-10-05T19:45Z,32c,120,,,,,,
2026-10-05T19:45Z,32d,,,,,,,open
2026-10-05T19:45Z,32e,,,,,,,open
2026-10-05T19:45Z,32f,,,,,,,open
2026-10-05T19:45Z,32g,165,,,,,,
2026-10-05T19:45Z,32h,,,,,,,open
2026-10-05T19:45Z,32i,345,,,,,,
2026-10-05T19:45Z,32j,,,,,,,open
2026-10-05T19:45Z,32k,,,,,,,open
2026-10-05T19:45Z,32l,255,,,,,,
2026-10-05T19:45Z,32m,,,,,,,open
2026-10-05T19:45Z,32n,315,,,,,,
2026-10-05T19:45Z,32o,240,,,,,,
2026-10-05T19:45Z,32p,510,,,,,,
2026-10-05T19:45Z,33a,367,,,,,2026-10-05T20:00:00Z,open
2026-10-05T19:45Z,33b,240,,,,,2026-10-05T20:00:00Z,open
2026-10-05T19:45Z,33c,360,,,,,2026-10-05T20:00:00Z,open
2026-10-05T19:45Z,33d,405,,,,,2026-10-05T20:00:00Z,open
2026-10-05T19:45Z,33e,300,,,,,2026-10-05T20:00:00Z,open
2026-10-05T19:45Z,33f,105,,,,,2026-10-05T20:00:00Z,open
2026-10-05T19:45Z,33g,270,,,,,2026-10-05T20:00:00Z,open
2026-10-05T19:45Z,33h,143,,,,,2026-10-05T20:00:00Z,open
2026-10-05T19:45Z,33i,420,,,,,2026-10-05T20:00:00Z,open
2026-10-05T19:45Z,33j,435,,,,,2026-10-05T20:00:00Z,open
2026-10-05T19:45Z,33k,465,,,,,2026-10-05T20:00:00Z,open
2026-10-05T19:45Z,33l,255,,,,,2026-10-05T20:00:00Z,open
2026-10-05T19:45Z,33m,285,,,,,2026-10-05T20:00:00Z,open
2026-10-05T19:45Z,33n,,,,,,,closed
2026-10-05T19:45Z,33o,,,,,,,closed
2026-10-05T19:45Z,33p,,,,,,,open
2026-10-05T19:45Z,33q,,,,,,,closed
2026-10-05T19:45Z,33r,,,,,,,closed
2026-10-05T19:45Z,33s,,,,,,,closed
2026-10-05T19:45Z,33t,,,,,,,closed
2026-10-05T19:45Z,33u,,,,,,,open
2026-10-05T19:45Z,34a,900,,54,54,,2026-10-05T19:37:00Z,
2026-10-05T19:45Z,34b,300,,9,11,,2026-10-05T19:37:00Z,
2026-10-05T19:45Z,34c,840,,60,63,,2026-10-05T19:37:00Z,
2026-10-05T19:45Z,34d,570,,28,54,,2026-10-05T19:37:00Z,
2026-10-05T19:45Z,34e,435,,19,26,,2026-10-05T19:41:00Z,
2026-10-05T19:45Z,34f,315,,12,15,,2026-10-05T19:41:00Z,
2026-10-05T19:45Z,34g,360,,17,36,,2026-10-05T19:41:00Z,
2026-10-05T20:27Z,1a,520,5206,67,59,126,2026-10-05T20:24:52Z,
2026-10-05T20:27Z,2a,249,396,22,19,41,2026-10-05T20:21:47Z,
2026-10-05T20:27Z,2b,361,449,51,35,86,2026-10-05T20:24:43Z,
2026-10-05T20:27Z,2c,30,0,0,0,0,2026-10-05T20:22:35Z,
2026-10-05T20:27Z,2d,184,245,21,27,48,2026-10-05T20:22:33Z,
2026-10-05T20:27Z,2e,121,138,4,5,9,2026-10-05T20:22:30Z,
2026-10-05T20:27Z,3a,274,241,37,15,52,2026-10-05T20:24:09Z,
2026-10-05T20:27Z,4a,390,319,21,14,35,2026-10-05T20:22:32Z,
2026-10-05T20:27Z,5a,173,44,5,18,23,2026-10-05T20:22:00Z,
2026-10-05T20:27Z,6a,208,235,11,27,38,2026-10-05T20:22:07Z,
2026-10-05T20:27Z,7a,234,136,10,8,18,2026-10-05T20:23:39Z,
2026-10-05T20:27Z,8a,285,1376,9,10,19,2026-10-05T20:22:39Z,
2026-10-05T20:27Z,9a,103,,,,,2026-10-05T20:15:13Z,
2026-10-05T20:27Z,9b,146,,,,,2026-10-05T20:15:13Z,
2026-10-05T20:27Z,9c,99,,,,,2026-10-05T20:15:13Z,
2026-10-05T20:27Z,9d,106,,,,,2026-10-05T20:15:13Z,
2026-10-05T20:27Z,9e,80,,,,,2026-10-05T20:15:13Z,
2026-10-05T20:27Z,9f,70,,,,,2026-10-05T20:15:00Z,
2026-10-05T20:27Z,9g,145,,,,,2026-10-05T20:00:00Z,
2026-10-05T20:27Z,11a,144,368,27,28,55,2026-10-05T20:15:00Z,
2026-10-05T20:27Z,11b,104,234,25,32,57,2026-10-05T20:15:00Z,
2026-10-05T20:27Z,11c,68,198,11,16,27,2026-10-05T20:15:00Z,
2026-10-05T20:27Z,11d,93,229,28,34,62,2026-10-05T20:18:54Z,
2026-10-05T20:27Z,11e,43,90,5,7,12,2026-10-05T20:18:54Z,
2026-10-05T20:27Z,11f,17,49,10,22,32,2026-10-05T20:18:54Z,
2026-10-05T20:27Z,11g,13,13,1,3,4,2026-10-05T20:18:54Z,
2026-10-05T20:27Z,12a,94,,15,,66,2026-10-05T20:15:00Z,
2026-10-05T20:27Z,12b,128,,28,,78,2026-10-05T20:15:00Z,
2026-10-05T20:27Z,12c,223,,25,,44,2026-10-05T20:15:00Z,
2026-10-05T20:27Z,13a,360,,,,,2026-10-05T20:15:00Z,
2026-10-05T20:27Z,13b,555,,,,,2026-10-05T20:15:00Z,
2026-10-05T20:27Z,14a,60,,,,,2026-10-05T20:15:00Z,
2026-10-05T20:27Z,15a,464,,30,,107,2026-10-05T20:15:00Z,
2026-10-05T20:27Z,16a,451,384,36,14,50,2026-10-05T20:15:00Z,
2026-10-05T20:27Z,17a,188,,50,56,106,2026-10-05T20:25:12Z,
2026-10-05T20:27Z,18a,,353,,,,2026-10-05T20:15:05Z,
2026-10-05T20:27Z,19a,134,226,,,,2026-10-05T20:26:15Z,
2026-10-05T20:27Z,20a,112,222,,,,2026-10-05T20:16:10Z,
2026-10-05T20:27Z,21a,,,35,72,107,2026-10-05T20:04:00Z,
2026-10-05T20:27Z,21b,,,12,51,63,2026-10-05T20:06:00Z,
2026-10-05T20:27Z,21c,,,,25,25,2026-10-05T20:05:00Z,
2026-10-05T20:27Z,22a,195,,36,,,2026-10-05T20:24:25Z,
2026-10-05T20:27Z,22b,177,,22,,,2026-10-05T20:24:25Z,
2026-10-05T20:27Z,23a,63,,,,130,2026-10-05T19:45:00Z,
2026-10-05T20:27Z,23b,115,,,,63,2026-10-05T19:45:00Z,
2026-10-05T20:27Z,23c,106,,,,38,2026-10-05T19:45:00Z,
2026-10-05T20:27Z,23d,79,,,,14,2026-10-05T19:45:00Z,
2026-10-05T20:27Z,25a,139,,12,,,2026-10-05T20:26:00Z,
2026-10-05T20:27Z,30a,234,,,,,,
2026-10-05T20:27Z,30ab,363,,,,,,
2026-10-05T20:27Z,30ac,112,,,,,,
2026-10-05T20:27Z,30ad,237,,,,,,
2026-10-05T20:27Z,30b,329,,,,,,
2026-10-05T20:27Z,30c,286,,,,,,
2026-10-05T20:27Z,30d,258,,,,,,
2026-10-05T20:27Z,30e,144,,,,,,
2026-10-05T20:27Z,30f,260,,,,,,
2026-10-05T20:27Z,30g,210,,,,,,
2026-10-05T20:27Z,30h,170,,,,,,
2026-10-05T20:27Z,30i,135,,,,,,
2026-10-05T20:27Z,30j,123,,,,,,
2026-10-05T20:27Z,30k,185,,,,,,
2026-10-05T20:27Z,30l,127,,,,,,
2026-10-05T20:27Z,30m,503,,,,,,
2026-10-05T20:27Z,30n,366,,,,,,
2026-10-05T20:27Z,30o,277,,,,,,
2026-10-05T20:27Z,30p,574,,,,,,
2026-10-05T20:27Z,30q,340,,,,,,
2026-10-05T20:27Z,30r,249,,,,,,
2026-10-05T20:27Z,30s,348,,,,,,
2026-10-05T20:27Z,30t,475,,,,,,
2026-10-05T20:27Z,30u,426,,,,,,
2026-10-05T20:27Z,30v,318,,,,,,
2026-10-05T20:27Z,30w,226,,,,,,
2026-10-05T20:27Z,30x,216,,,,,,
2026-10-05T20:27Z,31a,360,,,,,2026-10-05T20:25:27Z,
2026-10-05T20:27Z,31b,255,,,,,2026-10-05T20:25:27Z,
2026-10-05T20:27Z,31c,360,,,,,2026-10-05T20:25:27Z,
2026-10-05T20:27Z,31d,195,,,,,2026-10-05T20:25:27Z,
2026-10-05T20:27Z,31e,210,,,,,2026-10-05T20:25:27Z,
2026-10-05T20:27Z,31f,165,,,,,2026-10-05T20:25:27Z,
2026-10-05T20:27Z,31g,150,,,,,2026-10-05T20:25:27Z,
2026-10-05T20:27Z,31h,150,,,,,2026-10-05T20:25:27Z,
2026-10-05T20:27Z,31i,135,,,,,2026-10-05T20:25:27Z,
2026-10-05T20:27Z,31j,30,,,,,2026-10-05T20:25:27Z,
2026-10-05T20:27Z,31k,105,,,,,2026-10-05T20:25:27Z,
2026-10-05T20:27Z,31l,345,,,,,2026-10-05T20:25:27Z,
2026-10-05T20:27Z,31m,255,,,,,2026-10-05T20:25:27Z,
2026-10-05T20:27Z,31n,60,,,,,2026-10-05T20:25:27Z,
2026-10-05T20:27Z,31o,165,,,,,2026-10-05T20:25:27Z,
2026-10-05T20:27Z,31p,270,,,,,2026-10-05T20:25:27Z,
2026-10-05T20:27Z,31q,330,,,,,2026-10-05T20:25:27Z,
2026-10-05T20:27Z,31r,180,,,,,2026-10-05T20:25:27Z,
2026-10-05T20:27Z,31s,210,,,,,2026-10-05T20:25:27Z,
2026-10-05T20:27Z,32b,210,,,,,,
2026-10-05T20:27Z,32g,225,,,,,,
2026-10-05T20:27Z,32i,315,,,,,,
2026-10-05T20:27Z,32l,285,,,,,,
2026-10-05T20:27Z,32n,285,,,,,,
2026-10-05T20:27Z,32o,300,,,,,,
2026-10-05T20:27Z,32p,420,,,,,,
2026-10-05T20:27Z,33a,360,,,,,2026-10-05T21:00:00Z,open
2026-10-05T20:27Z,33b,187,,,,,2026-10-05T21:00:00Z,open
2026-10-05T20:27Z,33c,285,,,,,2026-10-05T21:00:00Z,open
2026-10-05T20:27Z,33d,390,,,,,2026-10-05T21:00:00Z,open
2026-10-05T20:27Z,33e,285,,,,,2026-10-05T21:00:00Z,open
2026-10-05T20:27Z,33f,83,,,,,2026-10-05T21:00:00Z,open
2026-10-05T20:27Z,33g,225,,,,,2026-10-05T21:00:00Z,open
2026-10-05T20:27Z,33h,165,,,,,2026-10-05T21:00:00Z,open
2026-10-05T20:27Z,33i,337,,,,,2026-10-05T21:00:00Z,open
2026-10-05T20:27Z,33j,480,,,,,2026-10-05T21:00:00Z,open
2026-10-05T20:27Z,33k,480,,,,,2026-10-05T21:00:00Z,open
2026-10-05T20:27Z,33l,315,,,,,2026-10-05T21:00:00Z,open
2026-10-05T20:27Z,33m,240,,,,,2026-10-05T21:00:00Z,open
2026-10-05T20:27Z,34a,900,,56,54,,2026-10-05T20:22:00Z,
2026-10-05T20:27Z,34b,255,,11,12,,2026-10-05T20:22:00Z,
2026-10-05T20:27Z,34c,885,,58,59,,2026-10-05T20:22:00Z,
2026-10-05T20:27Z,34d,585,,29,50,,2026-10-05T20:22:00Z,
2026-10-05T20:27Z,34e,450,,22,25,,2026-10-05T20:21:00Z,
2026-10-05T20:27Z,34f,285,,10,18,,2026-10-05T20:21:00Z,
2026-10-05T20:27Z,34g,420,,18,39,,2026-10-05T20:21:00Z,
